diary,whale,topic,style
오늘 다이어트 식단을 지키려고 노력했지만 저녁에 피자 앞에서 마음이 흔들렸다.,"식단을 지키려는 그 노력이 정말 대단해. 피자를 앞에 두고 고민하는 거 쉽지 않았을 텐데, 조금 쉬어가는 건 괜찮아. 앞으로 어떤 식단을 더 시도해볼지 다시 적어볼까?",다이어트·식습관,가벼운 해결 방향 제시
오늘도 필요한 일을 미루고 그냥 시간을 보냈다. 이런 게 반복되니까 자꾸 자책하게 돼.,미루면서도 그 상황에서 고민하고 있는 본인에게 박수를 보내고 싶어. 한 발 한 발 나아가고 있는 과정이 진짜 중요해. 하루를 어떻게 보냈는지 다시 생각해볼래?,할 일 미루기,결과보다 과정·버틴 점 강조
"오늘 간식을 줄이려 했는데, 결국 몇 개 집어먹었다.","간식을 줄이려는 시도 자체가 정말 좋아, 그렇게 실천해보려는 노력이 있잖아. 그렇다면 오늘 내가 조금 뭐라도 먹은 것에 대해 괜찮다고 인정해줄 수 있어?",다이어트·식습관,가벼운 해결 방향 제시
요즘 너무 무기력해서 아무것도 하기 싫어. 일기 쓰는 것도 귀찮고 맥없이 하루가 지나가.,무기력한 하루일지라도 일기 쓰는 시간을 만들어낸 건 대단한 걸! 그렇게 힘든 날도 있음을 인지하면서 과정을 담아내는 건 정말 중요해. 오늘 너의 감정을 또 어떻게 표현해볼까?,무기력·우울감,결과보다 과정·버틴 점 강조
오늘 발표에서 실수하고 말이 엉켰다. 민망해서 숨고 싶었다.,발표라는 긴장되는 상황에서 용기내서 나선 건 멋진 선택이었어. 실수한 순간에도 포기하지 않고 계속한 너를 인정해줘. 그 마음을 다시 글로 정리해볼래?,실수·실패,담백하고 간결한 말투
친구의 부탁을 거절한 후 계속 마음이 불편하다.,"필요한 건 꼭 말할 수 있는 용기였어, 그걸 해낸 너를 잊지 마. 불편함은 자연스러운 마음이야. 그 용기에 대해 적어볼래?",거절·죄책감,결과보다 과정·버틴 점 강조
"발표 준비를 많이 했는데, 막상 무대에 서니까 긴장이 너무 커서 제대로 말하지 못했다. 이게 얼마만의 노력이었나 싶다.","발표 준비를 많이 했던 네 노력이 정말 대단했어. 힘든 상황에서도 그 자리에 서려고 한 거니까, 너 자신을 인정해주면 좋겠어. 어떤 마음으로 다시 적어보면 좋을까?",발표·긴장,정서적 공감 우선(조언 최소)
"아침에 일어나기도 힘들고, 일하는 내내 의욕이 없어서 아무것도 잘 안 되고 있는 것 같다. 이렇게 무기력한 내가 싫다.","아침에 일어나는 것조차 힘들었던 건 충분히 이해해. 그런 날도 있는 거고, 그 상태에서 일하려고 한 건 정말 대단한 거야. 힘든 마음을 솔직하게 적어보면 어때?",무기력·우울감,정서적 공감 우선(조언 최소)
오늘도 해야 할 일을 미루다가 결국 아무것도 못 했다. 이렇게 계속 미루기만 해서 자신이 싫어진다.,"계속 미루더라도 오늘도 하루를 살아낸 건 대단해. 그럴 때도 있지, 나도 오늘 하루 버틴 너한테 응원해. 지금의 너를 받아들이는 문장으로 다시 써볼래?",할 일 미루기,지금의 자신을 받아들이는 자기수용 마무리
해야 할 일이 많은데 자꾸 미루고 있어서 스트레스가 쌓인다. 이렇게 계속 가는건 아닌 것 같아.,미루고 있는 걸 이만큼 인식하고 있다는 건 이미 한 걸음 나아간 거야. 시작하는 게 중요하니까 오늘 딱 하나만 해보는 건 어때? 그걸로 다시 써볼래?,할 일 미루기,가벼운 해결 방향 제시
친구의 제안을 거절하니 미안한 마음이 자꾸 든다.,"솔직하게 내 마음을 표현한 거잖아, 그건 누구에게나 필요한 용기야. 미안한 마음 인정하면서, 그 감정 대신 네가 선택한 것도 적어볼래?",거절·죄책감,담백하고 간결한 말투
오늘 대화 중에 잘못된 말을 해서 너무 민망했어. 다음에는 더 잘해야 할 것 같아.,"그런 실수는 누구에게나 있을 수 있어, 그 순간을 느꼈다는 건 잘하고 있다는 뜻이야. 대화 중에 내 마음을 전하려고 애쓴 그 노력은 분명히 칭찬받을 만해. 내일은 어떤 작은 시도를 해볼 건지 다시 적어볼래?",실수·실패,내일의 작은 시도를 권하는 성장 마무리
요즘 너무 무기력해서 아무것도 하고 싶지 않아. 이렇게 하루가 지나가는 게 너무 괴롭다.,아무것도 하고 싶지 않은 그 상태도 나 자신을 이해하는 시간이란 거 알아? 오늘 하루를 그냥 견뎌낸 것만으로도 나름 의미가 있어. 지금의 마음을 받아들이는 글로 다시 써볼래?,무기력·우울감,지금의 자신을 받아들이는 자기수용 마무리
장마 때문에 빨래가 계속 안 말라서 스트레스 받는다. 집안에 습기 가득 찬 것 같아 기분이 우울해.,"장마로 빨래가 안 마르는 건 정말 짜증나지, 고생했겠다. 그런 날에도 힘내서 챙겨보려는 마음, 충분히 나쁘지 않아. 기분을 다시 적어볼래?",집안일·자취 생활,담백하고 간결한 말투
"한참 할 일이 쌓였는데, 계속 미루고 있다. 스스로가 한심하다.","미루는 걸 인정하고 솔직하게 쓴 거 잘했어. 그렇게 어려운 마음을 털어놓은 너에게, 하나라도 시작할 수 있는 방법을 찾아보면 좋겠어. 어떤 작은 걸 시작해볼래?",할 일 미루기,가벼운 해결 방향 제시
요즘 돈이 없어서 과일도 안 사고 라면만 끓여 먹고 있다. 절약해야 한다는 강박이 쌓이고 그게 스트레스다.,식비 걱정하면서도 간소한 끼니를 잘 챙기고 있잖아. 필요한 것들에 집중하는 너의 모습이 멋져. 지금의 상황을 받아들이고 한 줄 적어볼래?,돈·절약 스트레스,지금의 자신을 받아들이는 자기수용 마무리
요즘 무기력해서 일어나기도 정말 힘들다. 하루하루가 그냥 지나가는 느낌이야.,"일어나기 힘든 날도 있는 거지, 그런 상황에서도 하루를 살아낸 너를 잊지 말자. 힘든 마음을 담아서 다시 한 줄 적어볼래?",무기력·우울감,지금의 자신을 받아들이는 자기수용 마무리
진로에 대해 고민하다가 막막해졌다. 뭘 하고 싶은지 모르겠고 자꾸 불안해.,진로를 고민하는 과정 자체가 나 자신을 알아가는 중요한 시간이야. 막막함 속에서도 스스로 질문하고 있다는 것은 의미있는 행동이라구. 오늘 느낀 감정을 짧게 다시 써볼래?,진로·미래 불안,담백하고 간결한 말투
오늘 약속을 두 개나 취소했다. 뭔가 나한테만 말하기 힘든 일이 생긴 것 같아 계속 움츠러드는 기분이다.,"약속을 취소하면서도 나를 챙기고 싶었던 마음, 충분히 이해해. 힘들 때는 가끔 나도 쉬어가는 게 필요해. 지금의 네 마음을 인정하면서, 어떤 시간을 보냈는지 적어봐줄래?",약속 취소·관계 위축,지금의 자신을 받아들이는 자기수용 마무리
하루 종일 해야 할 일을 미루기만 했다. 이렇게 계속 미루면 뭐가 이루어질까 불안하다.,"계속 미루면서도 걱정하고 있던 거구나, 그만큼 신경 쓰고 있다는 건 성장의 시작이야. 내일 작게라도 하나 시작해보는 건 어떨까? 그 시도를 적어볼래?",할 일 미루기,내일의 작은 시도를 권하는 성장 마무리
요즘 돈 걱정이 너무 많아서 스트레스가 쌓인다. 제대로 절약하고 있는지도 의문이야.,"하루하루 고생하면서 지출을 줄이려는 노력, 그 자체가 소중해. 지금의 너는 그 과정에서 많이 성장하니까 그걸 잊지 말고, 스스로에게 한 마디 해보면 어때?",돈·절약 스트레스,지금의 자신을 받아들이는 자기수용 마무리
친한 친구와의 약속이 취소돼서 좀 서운하고 아쉬웠다.,친구와의 약속을 기다린 만큼 그렇게 느끼는 건 당연해. 서운한 마음도 솔직하게 느끼는 너를 응원할게. 그 마음을 잘 표현해서 다시 적어볼래?,약속 취소·관계 위축,다정하고 따뜻한 말투
오늘은 공부하려고 했는데 집중이 안 돼서 몇 페이지도 못 읽었다. 이러면 안 되는데…,"공부하기로 마음먹고 시도한 것 자체가 좋았어. 그렇게 시작한 것만으로도 의미가 있는 걸, 그 마음을 잊지 말고 다시 적어볼래?",공부 집중 안 됨,정서적 공감 우선(조언 최소)
오늘 회사에서 실수를 해버렸다. 동료들에게 민망해서 어쩔 줄 몰랐다.,작은 실수도 무거운 마음을 만든 것 같아. 그 분위기 속에서도 걱정스럽게 동료들을 생각한 게 진짜 따뜻해. 그 감정을 담아 다시 써보면 어때?,실수·실패,다정하고 따뜻한 말투
요즘 돈 관리가 너무 힘들다. 필요한 것만 사려고 해도 자꾸 불안해진다.,"필요한 것만 사려고 노력하고 있는 모습이 대단해, 그렇게 생각하는 건 잘하고 있다는 뜻이야. 불안한 마음 대신, 오늘 했던 절약한 점 하나 적어볼래?",돈·절약 스트레스,담백하고 간결한 말투
친구의 부탁을 거절해서 미안한 마음이 든다. 내가 쿨하게 굴지 못하는 것 같아 괴로워.,"네가 확실히 원치 않는 일을 또 해주지 않기로 한 거라서 아쉬움이 크겠구나. 그런 결정을 냈다는 건 대견한 일인데, 그 마음을 어떻게 정리할 수 있을지 한 번 적어볼까?",거절·죄책감,정서적 공감 우선(조언 최소)
친구의 부탁을 거절했더니 미안한 마음이 든다. 이렇게 거절하는 게 나쁜 사람 같아서 힘들어.,"내 마음을 먼저 생각한 결정을 내린 거니까, 미안한 기분도 존중해줘야 해. 나를 위하는 선택을 하면서 쌓은 용기가 분명히 있어. 오늘 거절한 나에게 한마디 적어볼래?",거절·죄책감,지금의 자신을 받아들이는 자기수용 마무리
늦잠 자서 아침을 급하게 먹고 수업에 간 것 같아. 오늘 하루도 이렇게 시작돼서 좀 찝찝해.,급하게 준비한 아침에도 수업에 가려고 노력한 거잖아. 그런 모습이 소중하고 대단해. 오늘 하루 시작한 나의 다짐을 적어볼래?,늦잠·시간 관리,다정하고 따뜻한 말투
청소할 때마다 너무 힘들고 지치는 기분이 든다. 매번 미뤄서 할까 고민이 된다.,"청소를 한다는 건 집을 더 쾌적하게 만든다는 거니까, 그 과정을 겪은 건 의미 있는 일이야. 힘들더라도 그 뿌듯함을 떠올리면 다음 한 번은 더 수월할 거야. 어떤 기분으로 다시 써볼래?",집안일·자취 생활,가벼운 해결 방향 제시
회의에서 내 아이디어가 채택되지 않았다. 괜히 말한 것 같아 마음이 무겁다.,"아이디어를 내고 회의에 참여한 용기 자체가 정말 소중한 걸, 정말 잘했어. 그 아이디어를 내기 위해서 준비했을 테니까. 그런 과정을 조금 더 큰 시각으로 돌아보면 어떨까?",실수·실패,가벼운 해결 방향 제시
요즘 무기력해서 아무것도 하고 싶지 않다. 이 상태가 계속되면 어쩌나 걱정이 된다.,힘든 시간을 보내고 있는 지금도 이렇게 일기를 쓰고 있는 게 정말 대단해. 작은 움직임이라도 스스로를 표현하는 건 소중한 일이야. 이 감정을 또 어떻게 다른 글로 풀어볼까?,무기력·우울감,실제 해낸 성취를 구체적으로 언급
프레젠테이션 준비를 완벽하게 못 해서 발표가 잘 안 됐다. 너무 초조했다.,"발표 준비가 완벽하지 않아도 그걸 하고 서 있는 용기있는 모습을 보여준 거잖아. 초조함 속에서도 무언가를 시도한 점, 정말 괜찮아. 다음번엔 어떤 준비를 해볼까?",실수·실패,가벼운 해결 방향 제시
요즘 친구들보다 내가 부족한 것 같아서 자꾸 비교하게 된다. 나 자신이 별로라 느끼기도 해.,친구들과 비교하면서 힘든 마음도 공감해. 그래도 그런 생각이 드는데도 자신을 돌아보려는 건 정말 용기 있는 거야. 지금의 나를 인정하는 한 줄 써볼래?,비교·자존감,지금의 자신을 받아들이는 자기수용 마무리
오늘은 공부 중에 집중이 잘 안 돼서 계속 딴짓만 했다.,"흔들리는 마음 속에서도 공부하려고 애쓴 하루였구나. 딴짓을 하면서도 그만큼 힘든 과정을 이겨낸 거니까, 그걸 잊지 말아줘. 내일의 집중을 위해 오늘의 마음을 정리해볼래?",공부 집중 안 됨,결과보다 과정·버틴 점 강조
오늘 운동을 빼먹었어. 다른 일로 바빠서 그냥 지나쳤다.,"바쁜 하루 속에서도 가끔은 운동을 빼먹는 것도 당연한 일이야, 오늘 다른 일도 잘 처리했잖아. 그만큼 열심히 살고 있는 너에게 고마워! 이렇게 힘든 날도 다시 어떤 느낌으로 쓸 수 있을까?",운동 빼먹음,다정하고 따뜻한 말투
"요즘 우울한 기분이 계속 이어진다. 아무것도 하기 싫고, 그냥 시간을 떼우고 있다.",힘든 날에도 이렇게 일기라도 써낸 건 정말 잘한 거야. 네 감정을 솔직하게 표현한 거니까. 그런 하루를 어떻게 다시 얘기해볼까?,무기력·우울감,실제 해낸 성취를 구체적으로 언급
최근에 돈이 너무 빠져나가는 것 같아서 스트레스받아. 이번 주는 절약해보려고 하는데 잘할 수 있을지 걱정이야.,절약을 시도하려고 결심한 건 이미 중요한 첫걸음이야. 계획한 대로 실천해보면서 또 어떤 방법이 통할지 기록해볼래?,돈·절약 스트레스,내일의 작은 시도를 권하는 성장 마무리
"오늘 청소하려고 마음먹었는데, 귀찮아서 결국 아무 것도 못했다. 이렇게 자꾸 미루는 내가 싫어.","청소하려고 마음먹은 그 자체로 이미 시작의 의지를 보인 거잖아, 귀찮음이 느껴져도 그 마음은 존중해줄 수 있어. 그러면 한 번 그 마음을 더 다듬어볼까?",집안일·자취 생활,정서적 공감 우선(조언 최소)
미루다가 급하게 과제를 하다 보니 시간도 없고 제대로 못한 것 같아. 역시 나한테는 매번 똑같은 일이 반복되는 듯.,과제를 미뤘지만 결국엔 해결하려고 노력한 건 대단해. 다음 번에는 미리 조금씩 해보는 건 어떨까? 너의 생각을 적어볼래?,할 일 미루기,가벼운 해결 방향 제시
오늘도 너무 늦게까지 일했다. 몸은 힘든데 해야 할 일이 더 많아서 마음이 급하다.,"힘든 몸으로도 끝까지 일해낸 건 대단해, 너의 끈기가 오늘을 지탱한 거잖아. 이번에도 그 과정을 인정해볼래?",야근·과로,결과보다 과정·버틴 점 강조
해야 할 일을 또 미루고 말았다. 이렇게 계속 미루다가는 나쁜 결과가 올 것 같아서 불안하다.,미루면서도 스스로 '불안하다'고 느끼는 건 정말 중요한 감정이야. 그걸 인식한 너를 기억해줘. 오늘 미룬 일보다 그 감정에 대해 한 줄 적어볼래?,할 일 미루기,정서적 공감 우선(조언 최소)
친구 약속을 취소하니까 죄책감이 드는 하루였다. 나 혼자 집에 있는 게 미안해.,"약속을 지키지 못한 마음이 무겁겠구나, 하지만 나를 위하는 선택도 중요해. 친구에게 솔직하게 이야기해보면 어때?",거절·죄책감,다정하고 따뜻한 말투
오늘 약속이 취소돼서 혼자 보내게 됐다. 사람들과의 관계가 점점 위축되는 것 같아서 불안하다.,약속이 취소되더라도 스스로의 감정을 느끼며 혼자 있는 것도 중요해. 불안한 마음을 들여다보는 너의 모습이 성숙해 보여. 이 기분을 솔직하게 적어볼래?,약속 취소·관계 위축,다정하고 따뜻한 말투
"미래에 대한 불안이 커지고, 어떤 진로를 선택해야 할지 모르겠어. 이런 저런 생각이 머릿속을 맴도는데, 점점 더 힘들어진다.",불안한 마음을 느끼면서도 고민하고 있다는 건 그만큼 진지하게 미래를 생각하고 있다는 뜻이야. 그런 고민을 하고 있는 네가 자랑스러워. 오늘의 기분을 솔직하게 적어볼래?,진로·미래 불안,다정하고 따뜻한 말투
"다이어트를 하려고 아침을 거르지 않고 챙겼는데, 점심에 맛있는 간식을 보고 참지 못하고 먹어버렸다. 자꾸 유혹에 흔들리는 내가 싫다.","아침을 거르지 않고 챙겨준 거 정말 잘했어, 그만큼 신경 쓴 오늘이잖아. 맛있는 간식의 유혹은 누구에게나 있는 걸. 다음 번에는 어떤 방법으로 대처해 볼까?",다이어트·식습관,가벼운 해결 방향 제시
요즘 다른 사람들만큼 잘 하지 못하는 것 같아서 우울하다. 자존감이 점점 낮아지는 기분이야.,그런 감정이 드는 것도 자연스러운 일이야. 그럼에도 불구하고 지금 느끼는 마음을 솔직하게 인정하는 네가 정말 괜찮아. 이 기분을 좀 더 풀어볼래?,비교·자존감,담백하고 간결한 말투
오늘은 공부에 전혀 집중이 안 됐다. 과제가 쌓여있는데 마음이 답답하다.,"과제가 쌓여도 공부하려고 애쓰는 네가 대단해. 집중이 안 되는 날도 자주 있지만, 끝까지 노력하는 게 중요하지. 오늘의 마음을 솔직하게 적어볼래?",공부 집중 안 됨,담백하고 간결한 말투
"간식이 땡겨서 과자를 한 봉지 먹었어. 그래도 오늘 아침은 건강하게 샐러드를 먹었는데, 그게 아무 의미 없어진 것 같아.",간식으로 한 봉지에 기분 내 산 너는 사실 큰 유혹을 이겨낸 거야. 아침에 샐러드를 먹은 것도 정말 잘했어. 오늘 하루의 선택을 어떻게 다시 표현해볼래?,다이어트·식습관,결과보다 과정·버틴 점 강조
요즘 너무 무기력해서 아무것도 하기 힘들다. 그냥 침대에 눕기만 했다.,누워서 휴식을 취하고 스스로를 돌본 것도 중요한 선택이야. 그렇게 쉬는 걸 선택한 것도 쉽지 않았던 거 같아. 그 선택을 인정해보는 문장으로 바꿔볼래?,무기력·우울감,다정하고 따뜻한 말투
"요즘 몸이 무겁고 피곤한데, 그래도 운동은 조금씩 했어.",몸이 힘들었던 날에도 운동을 조금씩 해낸 건 진짜 대단한 걸! 그 작은 몸 움직임이 쌓일 거야. 오늘의 노력을 한 줄로 다시 적어볼래?,건강·컨디션 난조,실제 해낸 성취를 구체적으로 언급
오늘 집안 청소를 시작했는데 중간에 너무 힘들어서 포기하고 말았다.,"청소를 시작한 것 자체가 큰 용기야, 그렇게 안 할 수 있었는데. 힘들어도 시작한 그 과정을 잘 견뎌낸 걸 잊지 마. 다음엔 어떤 기분으로 청소를 해볼까?",집안일·자취 생활,결과보다 과정·버틴 점 강조
지칠 대로 지친 상태로 야근을 했다. 아무것도 가진 게 없는 것 같은 기분이 들어.,하염없이 야근하며 힘든 시간을 보냈구나. 그런 상황에서도 견뎌낸 것만으로 대단한 거야. 쉬는 날에 꼭 자신을 위해 할 일을 한 줄 적어볼래?,야근·과로,정서적 공감 우선(조언 최소)
점심에 실수로 다른 사람의 음료수를 가져다 줬어. 사소한 일인데 괜히 미안해.,작은 실수에 사과한 건 이미 배려가 된 거야. 누군가를 생각하고 행동한 네가 훨씬 더 멋져. 오늘의 일을 다시 적어볼래?,실수·실패,담백하고 간결한 말투
앞으로 뭘 해야 할지 고민이 계속된다. 지금 하고 있는 일이 내 미래와 맞지 않는 것 같아서 불안해.,지금까지 고민하는 시간을 통해 너는 이미 미래를 진지하게 생각하고 있다는 거야. 그런 여정을 계속하는 너를 인정해줘야 해. 어떤 생각이 드는지 다시 정리해볼래?,진로·미래 불안,실제 해낸 성취를 구체적으로 언급
공부하려고 했지만 머리가 너무 안 돌아가서 그냥 핸드폰만 만지작거렸다. 이렇게 집중 못하고 있으면 안 될 것 같아서 불안하다.,핸드폰을 만지작거리면서도 스스로에게 불안을 느끼고 있다는 건 너 자신을 되돌아본 것 같아. 집중이 안 되는 날도 있는 거야. 오늘의 그런 감정을 조금 더 써볼래?,공부 집중 안 됨,실제 해낸 성취를 구체적으로 언급
"진로에 대한 고민이 계속 머리를 떠나지 않는다. 뚜렷한 목표도 없고, 뭐부터 시작해야 할지 모르겠다.",그런 고민을 안고도 계속 생각하는 네가 참 대단해. 결정을 내리기 위해 이렇게 애쓰고 있다는 건 멋진 출발이지. 그 과정을 다시 한 번 정리해볼래?,진로·미래 불안,결과보다 과정·버틴 점 강조
오늘도 늦잠 자서 아침에 급하게 준비했다. 시간 관리가 너무 어려워.,"아침에 서둘러도 일어나는 것 자체가 대단한 일이야, 너는 매일 최선을 다하고 있잖아. 다소 힘든 하루였지만, 그 과정을 인정해보면 좋을 것 같아. 어떤 걸 잘 견뎌냈는지 적어볼래?",늦잠·시간 관리,결과보다 과정·버틴 점 강조
"오늘은 공부에 집중이 잘 안 됐다. 다른 생각만 자꾸 나고, 시간이 주르륵 흘렀다.","마음이 산만하더라도 오늘 공부하려고 노력한 거잖아, 그 자체로도 충분히 고생한 하루야. 지금의 나를 인정해주고, 그럼에도 한 줄 더 써볼래?",공부 집중 안 됨,지금의 자신을 받아들이는 자기수용 마무리
"오늘도 공부하려고 했는데, 10분도 안 가서 나가서 놀다가 왔다. 이렇게 맨날 집중을 못 하니 한심해.",공부 대신 밖에 나가서 잠깐이라도 숨을 쉬고 리프레시한 건 잘한 결정이야. 집중이 안 되는 날도 있는 거니까. 오늘의 경험을 바탕으로 다시 쓸 수 있을까?,공부 집중 안 됨,다정하고 따뜻한 말투
공부하려고 했는데 계속 다른 생각이 나서 집중이 안 됐다. 결국 아무것도 하지 못한 날 같다.,"다른 생각이 나더라도 공부하려고 마음 먹고 앉은 그게 중요한 걸. 오늘은 쉽지 않았지만, 앉아있는 것만으로도 한 걸음을 내딛은 거잖아. 다시 한 번 오늘의 작은 노력을 적어볼까?",공부 집중 안 됨,정서적 공감 우선(조언 최소)
운동하기로 마음먹었는데 결국 그냥 집에 있었어. 며칠째 운동을 안 하고 있으니 점점 자신이 없어져.,운동을 하겠다고 마음먹는 것만으로도 변화의 시작이야. 그만큼 계획을 세우고 고민한 너를 응원해. 오늘 하루의 다른 작은 성과에 대해 적어볼까?,운동 빼먹음,정서적 공감 우선(조언 최소)
요즘 돈이 부족한 것 같아 계속 절약해야 할 것 같아. 이렇게 사는 게 맞나 싶어서 힘들어.,절약하면서도 불안한 마음을 느끼는 건 누구나 겪는 일이야. 그런 상황에서도 스스로를 돌아보는 모습이 대단해. 힘든 기분을 솔직하게 써보는 건 어때?,돈·절약 스트레스,정서적 공감 우선(조언 최소)
"오늘 공부를 하려고 했는데, 너무 집중이 안 돼서 결국 다른 짓만 했다.","공부하려고 시도한 것 자체가 대단해, 집중이 안 된다 해도 그 시도를 인정해줘야 해. 뭐가 널 방해했는지 풀어볼까?",공부 집중 안 됨,가벼운 해결 방향 제시
발표 준비 때문에 너무 긴장해서 손이 떨렸다. 최악의 상황이 올까 봐 걱정돼.,"발표 전의 긴장감이 엄청 컸나봐, 그렇게 애쓰면서 잘 준비했잖아. 그 순간도 소중하니까, 괜찮다고 해주고 싶은 날이야. 느낀 감정을 담아 다시 써볼래?",발표·긴장,지금의 자신을 받아들이는 자기수용 마무리
"오늘 발표를 했는데, 너무 긴장해서 말도 잘 안 나왔어. 혼자서 준비한 것도 생각보다 엉망이었고.","힘든 상황에서도 발표를 하러 나선 건 용기 있는 결정이었어. 준비한 걸 발표한 너의 모습, 그걸 먼저 인정해주면 좋겠어. 어떻게 느꼈는지 다시 적어볼래?",발표·긴장,실제 해낸 성취를 구체적으로 언급
요즘 돈을 아끼려고 과자도 안 사고 있어. 그럼에도 불구하고 가끔은 소소한 스트레스가 쌓인다.,"과자도 안 사면서 돈 아끼려고 노력한 거, 정말 대단해. 작디작은 변화가 쌓여서 큰 차이를 만들 거야. 그 스트레스를 어떻게 풀까 다시 적어볼래?",돈·절약 스트레스,실제 해낸 성취를 구체적으로 언급
설거지를 미뤄서 쌓여있는 접시를 보니 찜찜하다. 이런 사소한 일도 못할 만큼 힘든 나를 느껴.,"미뤄둔 것들 사이에서 스스로 괜찮지 않다고 느꼈나봐. 그럴 땐 잠시 쉬어가도 괜찮아. 오늘의 나를 포용하면서, 간단한 일 하나 적어볼래?",집안일·자취 생활,지금의 자신을 받아들이는 자기수용 마무리
오늘도 야근을 했다. 피곤해서 정신이 하나도 없는 것 같아.,야근을 하고도 끝까지 맡은 일을 해낸 거 정말 고마워. 그렇게 힘든 시간을 견뎌내는 모습이 대단해. 오늘 수고한 나에게 작은 격려의 말을 적어볼래?,야근·과로,다정하고 따뜻한 말투
"오늘 운동을 하러 가려고 했는데, 너무 귀찮아서 그냥 집에 있었다. 나도 나를 믿어야 하는데...",운동 가는 결심을 한 것부터가 중요한 거잖아. 그 시도 자체가 자신에게 힘을 주는 일이야. 그 결심을 다시 돌아보며 이어서 적어볼래?,운동 빼먹음,실제 해낸 성취를 구체적으로 언급
오늘 실수로 고객에게 잘못된 정보를 전달했다. 내가 왜 이렇게 실수가 잦은지 모르겠다.,"실수했음에도 불구하고 그 사실을 바로 인식한 건 큰 성장의 첫걸음이야. 잘못된 정보를 바로잡으려는 마음도 중요해, 앞으로는 더 신경쓸 수 있지 않을까? 오늘의 경험을 어떻게 다시 쓸 수 있을까?",실수·실패,담백하고 간결한 말투
오늘도 예상보다 늦게 퇴근했다. 피곤해서 집에 오자마자 아무것도 못 하고 그냥 누워버렸다.,하루종일 고생한 너를 그냥 누워있게 해준 건 자연스러운 일이지! 힘들었던 만큼 자기 자신을 많이 보살펴줘야 해. 지금의 나를 어떻게 받아들일 수 있을까?,야근·과로,지금의 자신을 받아들이는 자기수용 마무리
오늘 친구와 약속이 있었는데 연락이 안 와서 결국 취소됐다. 기분이 이렇게 가벼운 거 처음이야.,약속이 취소되면서 조금은 홀가분하게 느껴졌나봐. 그 순간을 받아들이고 기분이 나아진 걸 잘 해냈네. 지금의 기분을 그대로 표현해보면 어때?,약속 취소·관계 위축,지금의 자신을 받아들이는 자기수용 마무리
"오늘 저녁에 자존심 지키려고 과일만 먹었다. 그런 나를 보고 친구가 대단하다고 했지만, 좀 비참하다.",자존심을 지키면서 과일만 먹은 건 정말 의지의 결과야. 그렇게 선택한 너의 노력은 분명히 인정받아야 해. 지금 느낀 감정에 대해 다시 적어볼래?,다이어트·식습관,실제 해낸 성취를 구체적으로 언급
"친구를 도와주고 싶었는데, 도움이 필요하다고 말하기가 무서워서 거절했더니 미안한 마음이 든다.","내 마음을 솔직하게 표현하기 어려웠던 거구나, 용기가 필요한 순간이었겠어. 친구를 생각한 그 마음이 정말 소중해. 그 마음을 담아 다시 적어볼까?",거절·죄책감,정서적 공감 우선(조언 최소)
"친구의 생일 초대가 왔는데, 다른 약속 때문에 못 가게 되었다. 거절한 것도 미안하고, 생일을 혼자 보낼 친구가 걱정된다.",친구의 마음을 생각하면서 어려운 결정을 내린 거잖아. 그럴 수밖에 없었던 너의 상황을 이해해주는 게 정말 소중해. 친구의 생일에 대한 걱정을 적어보는 건 어때?,거절·죄책감,실제 해낸 성취를 구체적으로 언급
"주변 친구들이 다 잘 나가고 있는데, 나는 여전히 제자리인 것만 같아서 너무 우울하다. 나도 뭔가 성취하고 싶다.","친구들과 비교하면서도 스스로의 감정을 솔직하게 드러낸 거잖아, 그게 쉽지 않은 용기야. 나를 살펴보는 시간도 필요한 걸 잊지 마. 오늘 직접 겪은 느끼는 점을 다시 한 번 적어볼래?",비교·자존감,실제 해낸 성취를 구체적으로 언급
하루 종일 아무것도 하지 않고 그냥 시간이 지나갔다. 나를 위해 뭘 해봐야 하는데 너무 우울하다.,"힘든 시간 속에서도 그냥 버티고 있는 게 쉽지 않은 일이잖아. 아무것도 안 했다고 생각할지 몰라도, 하루를 무사히 지나온 거니까. 그 과정에 대해 한 줄 적어볼래?",무기력·우울감,결과보다 과정·버틴 점 강조
어젯밤에 잠을 잘 못 자서 오늘 머리가 아프다. 하루가 힘들게만 느껴진다.,"잠 부족으로 힘든 하루였나봐, 아픈 머리를 애써 참고 있었던 거잖아. 잘 쉬는 것도 중요하니, 조금 더 편안한 마음으로 하루를 다시 적어볼래?",건강·컨디션 난조,정서적 공감 우선(조언 최소)
"오늘 발표 준비했는데 너무 긴장해서 생각이 잘 안 나더라. 다들 잘할 거라고 응원해줬지만, 난 여전히 창피해.",긴장했지만 그 상황 속에서 발표를 해내려고 노력한 모습이 정말 인상적이야. 응원 받으면서도 최선을 다한 너를 다시 한 번 돌아보면 좋겠어. 너의 진짜 마음을 적어볼래?,발표·긴장,다정하고 따뜻한 말투
친구의 부탁을 거절한 뒤 괜히 미안한 마음이 든다.,"거절하기가 쉽지 않잖아, 친구를 생각하면서도 스스로를 지킨 거니까 정말 잘했어. 그 과정에서 느낀 너의 감정을 한 번 정리해볼래?",거절·죄책감,결과보다 과정·버틴 점 강조
해야 할 일이 많은데 계속 미루기만 했다. 내가 이렇게 자꾸 미루는 건 왜일까.,미루는 동안에도 시간 가는 줄 모르고 고민했던 거잖아. 그럴 때도 그냥 버티고 있는 것만으로 용기 있는 거야. 오늘 느낀 걸 다시 한 줄 적어볼래?,할 일 미루기,실제 해낸 성취를 구체적으로 언급
주변 친구들이 다 잘 나가는 것 같아 나만 뒤처지는 기분이 든다. 나도 잘하고 싶었는데.,친구들과 비교하는 마음이 드는 건 너무 자연스러운 일이야. 그런 생각 속에서도 잘하고 싶다는 열망이 있다는 건 정말 멋진 거야. 지금의 너를 어떻게 받아들이면 좋을까?,비교·자존감,지금의 자신을 받아들이는 자기수용 마무리
최근 지출이 너무 많아 어떻게 절약해야 할지 고민이다. 이런 상황이 계속되면 불안해질 것 같아.,지출을 고민하는 그 자체가 책임감의 표현이야. 이번주에 작은 것부터 절약해보는 것도 좋을 것 같아. 그런 시도를 적어볼래?,돈·절약 스트레스,내일의 작은 시도를 권하는 성장 마무리
요즘 돈 때문에 많이 고민하고 스트레스 받아. 절약하려고 노력하는데도 쉽지 않네.,스트레스 받아도 걱정 없이 절약하려고 애쓰는 너의 모습이 참 멋져. 지금의 너를 있는 그대로 인정하면서 글로 표현해볼래?,돈·절약 스트레스,지금의 자신을 받아들이는 자기수용 마무리
"다이어트 중이라 저녁을 간단하게 먹으려고 했는데, 결국 속이 허해서 간식을 먹었다. 뭔가 잘 안되는 기분이야.","식사가 간단해야 한다는 마음에 힘을 준 너인데, 허기를 느끼고 대처한 건 전혀 이상한 일이 아니야. 그럴 때 간식을 먹는 것도 너의 선택이니까 그걸 그대로 받아줘도 괜찮아. 오늘의 나에게는 어떤 이야기를 적어볼래?",다이어트·식습관,지금의 자신을 받아들이는 자기수용 마무리
친구의 잘못된 행동을 지적했더니 부담감이 느껴진다.,"친구를 위해 솔직하게 말한 거구나, 그게 쉽지 않았을 텐데. 그런 용기 있는 행동은 정말 중요해. 그걸 다시 생각해보면 좋겠어.",거절·죄책감,정서적 공감 우선(조언 최소)
요즘 너무 피곤하고 몸이 무겁다. 그나마 나간 산책도 힘들어서 빨리 돌아왔다.,"몸이 많이 힘들었던 걸까, 산책을 했다는 건 작은 시도였던 거잖아. 천천히 회복하는 걸 잊지 말고 내일은 조금 더 나가보는 걸 시도해보면 어때?",건강·컨디션 난조,내일의 작은 시도를 권하는 성장 마무리
오늘은 몸이 좀 무겁고 피곤하다. 잠이 부족하고 컨디션이 안 좋아서 수업에 집중하기 힘들었다.,"몸이 무겁고 피곤했겠구나, 그래도 수업에 참석한 건 정말 잘한 선택이야. 이런 날은 조금 쉬어가면서 컨디션 조절해보는 게 어때? 다시 한번 적어볼래?",건강·컨디션 난조,가벼운 해결 방향 제시
무기력해서 하루를 그냥 보내버렸다. 아무것도 하고 싶지 않아.,아무것도 아닌 것 같던 하루에도 그렇게 느낀 너의 마음이 소중해. 힘든 날이었지만 스스로를 인정해주는 것도 필요해. 지금의 기분을 솔직하게 다시 써볼래?,무기력·우울감,지금의 자신을 받아들이는 자기수용 마무리
요즘 감기 기운이 있어서 하루 종일 힘이 없다. 아무것도 못 하고 그냥 침대에 누워만 있었다.,몸이 힘들면 쉬는 것도 중요하잖아. 침대에서 누워있던 것도 스스로를 돌보는 시간이었어. 힘든 마음을 좀 더 써볼래?,건강·컨디션 난조,정서적 공감 우선(조언 최소)
최근에 친구들이 잘 나가는 걸 보니 난 왜 이러고 있는 걸까 싶어서 우울해졌다.,"친구들과 비교하며 스스로를 애처롭게 느꼈던 거구나. 그 감정 무시하지 말고, 그걸 느끼면서도 여전히 기분을 꾹 참고 있는 건 정말 멋진 일이야. 지금의 마음을 솔직히 다시 적어볼래?",비교·자존감,다정하고 따뜻한 말투
오늘 아침에 늦잠 자서 중요한 일정을 놓쳤다. 이런 날이 자주 반복돼서 걱정이 된다.,"중요한 일정을 놓쳐서 속상했겠구나, 늦잠 자는 것도 사람이라면 충분히 겪는 일이야. 그럼에도 불구하고 항상 다시 시작할 기회가 있다는 걸 잊지 마. 내일 아침엔 어떤 작은 시도를 해볼래?",늦잠·시간 관리,내일의 작은 시도를 권하는 성장 마무리
발표 준비하는데 긴장이 너무 들어서 계속 마음이 떨리더라. 그래도 그 자리에서 발표는 잘 했던 것 같아.,긴장이 가득한 그 순간 속에서도 발표를 해낸 건 정말 멋진 일이야. 그걸 해낸 네 용기를 칭찬해! 그 발표에 대해서 다시 써보고 싶은 게 있을까?,발표·긴장,담백하고 간결한 말투
친구와 만나기로 했는데 약속이 취소돼서 많이 외롭다.,"약속이 취소됐다 해도 친구와 만나기로 한 그 계획을 세운 건 중요한 거였어. 그동안 소중한 사람과의 만남을 기대한 만큼, 그 마음을 이어서 적어보면 좋을 것 같아!",약속 취소·관계 위축,실제 해낸 성취를 구체적으로 언급
이번 달 용돈을 잘 지켜서 계획한 대로 쓸 수 있었다. 하지만 돈이 부족한 느낌이 들어서 힘들다.,"계획대로 용돈을 잘 지킨 건 확실히 대단해, 그건 너의 의지잖아. 부족함이 느껴질 때일수록 잘 지킨 그 사실에 눈길 주면 좋겠어. 어떤 기분으로 지켰는지 써볼래?",돈·절약 스트레스,실제 해낸 성취를 구체적으로 언급
돈을 아끼려다가 친구와의 약속을 미뤄버렸다. 후회가 되긴 하지만 돈이 부족한 건 사실이다.,친구를 위해서도 마음을 써주면서 더 나은 선택을 하려고 한 거야. 그런 고민도 괜히 하는 게 아니지. 친구와의 만남을 더 특별하게 만들어볼 방법은 뭐가 있을까?,돈·절약 스트레스,가벼운 해결 방향 제시
아침에 늦잠을 자버려서 중요한 일정을 놓쳤다. 시간 관리에 실패한 것 같아 우울하다.,중요한 일정을 설정하고 준비하려고 한 네가 먼저 자랑스러워. 그런 계획을 세운 것만으로도 큰 의미가 있어. 다음엔 더 잘 할 수 있을 거야! 오늘 어떤 점을 다시 써볼래?,늦잠·시간 관리,실제 해낸 성취를 구체적으로 언급
청소할 시간이 없어서 집안일이 쌓여만 간다. 이제는 청소하는 게 너무 부담스러워.,"그래도 오늘 조금이라도 청소를 시작하면 나아질 거야, 조금씩 해나가면서 너의 공간을 지켜보는 것도 중요하니까. 어떤 부분부터 시작해 볼까?",집안일·자취 생활,실제 해낸 성취를 구체적으로 언급
팀 프로젝트에서 실수로 자료를 잘못 전달해서 다들 헷갈려 했어. 나 때문에 걱정한 팀원들이 미안하다.,"자료를 잘못 전달했지만, 그런 실수를 통해 다음엔 더 매끄럽게 소통할 수 있는 기회가 생길 거야. 다시 정리해서 공유하는 방법을 적어보면 좋을 것 같아.",실수·실패,가벼운 해결 방향 제시
발표 준비 때문에 계속 긴장하고 있어. 잘할 수 있을지 불안하네.,발표를 준비하면서 느낀 긴장감이 정말 크겠구나. 그럼에도 불구하고 준비를 하고 있는 너의 모습이 돋보여. 그 불안을 품고 어떤 마음으로 발표를 하고 싶은지 다시 적어볼래?,발표·긴장,정서적 공감 우선(조언 최소)
